,name,link,price
0,OVO COLLEGIATE HOODIE,https://cdn.shopify.com/s/files/1/0973/7782/products/ovo-collegiate-hoodie-ash-heather-grey-1_800x.jpg?v=1599182726,$148.00
1,OVO COLLEGIATE HOODIE,https://cdn.shopify.com/s/files/1/0973/7782/products/ovo-collegiate-hoodie-maroon-1_800x.jpg?v=1599182730,$148.00
2,OVO COLLEGIATE HOODIE,https://cdn.shopify.com/s/files/1/0973/7782/products/ovo-collegiate-hoodie-navy-1_800x.jpg?v=1599182734,$148.00
3,OVO COLLEGIATE HOODIE,https://cdn.shopify.com/s/files/1/0973/7782/products/ovo-collegiate-hoodie-black-1_800x.jpg?v=1599182956,$148.00
4,OVO COLLEGIATE SWEATPANT,https://cdn.shopify.com/s/files/1/0973/7782/products/ovo-collegiate-sweatpant-ash-heather-grey-1_800x.jpg?v=1599182740,$128.00
5,OVO COLLEGIATE SWEATPANT,https://cdn.shopify.com/s/files/1/0973/7782/products/ovo-collegiate-sweatpant-maroon-1_800x.jpg?v=1599182744,$128.00
6,OVO COLLEGIATE SWEATPANT,https://cdn.shopify.com/s/files/1/0973/7782/products/ovo-collegiate-sweatpant-navy-1_800x.jpg?v=1599182748,$128.00
7,OVO COLLEGIATE SWEATPANT,https://cdn.shopify.com/s/files/1/0973/7782/products/ovo-collegiate-sweatpant-black-1_800x.jpg?v=1599183106,$128.00
8,OVO COLLEGIATE LONGSLEEVE T-SHIRT,https://cdn.shopify.com/s/files/1/0973/7782/products/ovo-collegiate-longsleeve-tshirt-ash-heather-grey-1_800x.jpg?v=1599182751,$58.00
9,OVO COLLEGIATE LONGSLEEVE T-SHIRT,https://cdn.shopify.com/s/files/1/0973/7782/products/ovo-collegiate-longsleeve-tshirt-navy-1_800x.jpg?v=1599182754,$58.00
10,OVO COLLEGIATE LONGSLEEVE T-SHIRT,https://cdn.shopify.com/s/files/1/0973/7782/products/ovo-collegiate-longsleeve-tshirt-black-1_800x.jpg?v=1599185220,$58.00
11,OVO COLLEGIATE T-SHIRT,https://cdn.shopify.com/s/files/1/0973/7782/products/ovo-collegiate-tshirt-white-1_800x.jpg?v=1599182757,$48.00
12,OVO COLLEGIATE T-SHIRT,https://cdn.shopify.com/s/files/1/0973/7782/products/ovo-collegiate-tshirt-mustard-1_800x.jpg?v=1599182759,$48.00
13,OVO COLLEGIATE T-SHIRT,https://cdn.shopify.com/s/files/1/0973/7782/products/ovo-collegiate-tshirt-maroon-1_800x.jpg?v=1599182762,$48.00
14,OVO COLLEGIATE T-SHIRT,https://cdn.shopify.com/s/files/1/0973/7782/products/ovo-collegiate-tshirt-black-1_800x.jpg?v=1599183177,$48.00
15,LIGHTWEIGHT RAIN SHELL,https://cdn.shopify.com/s/files/1/0973/7782/products/lightweight-rain-shell-dark-red-1_800x.jpg?v=1598567232,$228.00
16,LIGHTWEIGHT RAIN SHELL,https://cdn.shopify.com/s/files/1/0973/7782/products/lightweight-rain-shell-black-1_800x.jpg?v=1598567219,$228.00
17,ALL COUNTRY HOODIE,https://cdn.shopify.com/s/files/1/0973/7782/products/all-country-hoodie-white-1_800x.jpg?v=1598567115,$168.00
18,ALL COUNTRY HOODIE,https://cdn.shopify.com/s/files/1/0973/7782/products/all-country-hoodie-red-1_800x.jpg?v=1598567111,$168.00
19,ALL COUNTRY HOODIE,https://cdn.shopify.com/s/files/1/0973/7782/products/all-country-hoodie-black-1_800x.jpg?v=1598567110,$168.00
20,ALL COUNTRY T-SHIRT,https://cdn.shopify.com/s/files/1/0973/7782/products/all-country-tshirt-white-1_800x.jpg?v=1598567192,$48.00
21,ALL COUNTRY T-SHIRT,https://cdn.shopify.com/s/files/1/0973/7782/products/all-country-tshirt-red-1_800x.jpg?v=1598567192,$48.00
22,ALL COUNTRY T-SHIRT,https://cdn.shopify.com/s/files/1/0973/7782/products/all-country-tshirt-black-1_800x.jpg?v=1598567188,$48.00
23,ALL COUNTRY SPORT CAP,https://cdn.shopify.com/s/files/1/0973/7782/products/all-country-sport-cap-white-1_800x.jpg?v=1598567162,$48.00
24,ALL COUNTRY SPORT CAP,https://cdn.shopify.com/s/files/1/0973/7782/products/all-country-sport-cap-red-1_800x.jpg?v=1598567157,$48.00 SOLD OUT
25,ALL COUNTRY SPORT CAP,https://cdn.shopify.com/s/files/1/0973/7782/products/all-country-sport-cap-black-1_800x.jpg?v=1598567141,$48.00 SOLD OUT
26,BUFFALO PLAID COACHES JACKET,https://cdn.shopify.com/s/files/1/0973/7782/products/buffalo-plaid-coaches-jacket-black-1_800x.jpg?v=1598567216,$168.00
27,416 DICE CAMP SHIRT,https://cdn.shopify.com/s/files/1/0973/7782/products/416-dice-camp-shirt-white-1_800x.jpg?v=1597971264,$118.00
28,416 DICE CAMP SHIRT,https://cdn.shopify.com/s/files/1/0973/7782/products/416-dice-camp-shirt-red-1_800x.jpg?v=1597971082,$118.00
29,416 DICE CAMP SHIRT,https://cdn.shopify.com/s/files/1/0973/7782/products/416-dice-camp-shirt-sapphire-1_800x.jpg?v=1597971263,$118.00
30,416 DICE CAMP SHIRT,https://cdn.shopify.com/s/files/1/0973/7782/products/416-dice-camp-shirt-black-1_800x.jpg?v=1597971071,$118.00
31,JIGSAW WORDMARK HOODIE,https://cdn.shopify.com/s/files/1/0973/7782/products/jigsaw-wordmark-hoodie-deep-pink-1_800x.jpg?v=1598020733,$138.00
32,JIGSAW WORDMARK HOODIE,https://cdn.shopify.com/s/files/1/0973/7782/products/jigsaw-wordmark-hoodie-carrot-1_800x.jpg?v=1598020715,$138.00
33,JIGSAW WORDMARK HOODIE,https://cdn.shopify.com/s/files/1/0973/7782/products/jigsaw-wordmark-hoodie-black-1_800x.jpg?v=1598020695,$138.00
34,JIGSAW WORDMARK T-SHIRT,https://cdn.shopify.com/s/files/1/0973/7782/products/jigsaw-wordmark-tshirt-white-1_800x.jpg?v=1597971453,$48.00
35,JIGSAW WORDMARK T-SHIRT,https://cdn.shopify.com/s/files/1/0973/7782/products/jigsaw-wordmark-tshirt-carrot-1_800x.jpg?v=1597971449,$48.00
36,JIGSAW WORDMARK T-SHIRT,https://cdn.shopify.com/s/files/1/0973/7782/products/jigsaw-wordmark-tshirt-black-1_800x.jpg?v=1597971438,$48.00
37,UV OWL SHORT,https://cdn.shopify.com/s/files/1/0973/7782/products/uv-owl-short-deep-pink-1_800x.jpg?v=1597971512,$88.00
38,UV OWL SHORT,https://cdn.shopify.com/s/files/1/0973/7782/products/uv-owl-short-carrot-1_800x.jpg?v=1597971506,$88.00
39,UV OWL SHORT,https://cdn.shopify.com/s/files/1/0973/7782/products/uv-owl-short-black-1_800x.jpg?v=1597971501,$88.00 SOLD OUT
40,BEALE ST. POM POM T-SHIRT,https://cdn.shopify.com/s/files/1/0973/7782/products/beale-st-pom-pom-tshirt-rose-1_800x.jpg?v=1598032925,$48.00 SOLD OUT
41,BEALE ST. POM POM T-SHIRT,https://cdn.shopify.com/s/files/1/0973/7782/products/beale-st-pom-pom-tshirt-black-1_800x.jpg?v=1598032919,$48.00 SOLD OUT
42,OVO X D2 DENIM JACKET,https://cdn.shopify.com/s/files/1/0973/7782/products/ovo-d2-denim-jacket-black-1_800x.jpg?v=1597494326,"$998.00 -
            PRE-ORDER"
43,OVO X D2 COOL GUY JEANS,https://cdn.shopify.com/s/files/1/0973/7782/products/ovo-d2-cool-guy-jeans-black-1_800x.jpg?v=1597494296,"$698.00 -
            PRE-ORDER"
44,OVO X D2 HOODED SWEATSHIRT,https://cdn.shopify.com/s/files/1/0973/7782/products/ovo-d2-hooded-sweatshirt-white-1_800x.jpg?v=1597494049,"$598.00 -
            PRE-ORDER SOLD OUT"
45,OVO X D2 HOODED SWEATSHIRT,https://cdn.shopify.com/s/files/1/0973/7782/products/ovo-d2-hooded-sweatshirt-blue-1_800x.jpg?v=1597494046,"$598.00 -
            PRE-ORDER SOLD OUT"
46,OVO X D2 HOODED SWEATSHIRT,https://cdn.shopify.com/s/files/1/0973/7782/products/ovo-d2-hooded-sweatshirt-black-1_800x.jpg?v=1597494037,"$598.00 -
            PRE-ORDER SOLD OUT"
47,OVO X D2 T-SHIRT,https://cdn.shopify.com/s/files/1/0973/7782/products/ovo-d2-tshirt-white_800x.jpg?v=1597493283,"$288.00 -
            PRE-ORDER SOLD OUT"
48,OVO X D2 T-SHIRT,https://cdn.shopify.com/s/files/1/0973/7782/products/ovo-d2-tshirt-red_800x.jpg?v=1597493246,"$288.00 -
            PRE-ORDER SOLD OUT"
49,OVO X D2 T-SHIRT,https://cdn.shopify.com/s/files/1/0973/7782/products/ovo-d2-tshirt-blue_800x.jpg?v=1597493330,"$288.00 -
            PRE-ORDER SOLD OUT"
50,OVO X D2 T-SHIRT,https://cdn.shopify.com/s/files/1/0973/7782/products/ovo-d2-tshirt-black_800x.jpg?v=1597493362,"$288.00 -
            PRE-ORDER SOLD OUT"
51,OVO X D2 SWEATPANTS,https://cdn.shopify.com/s/files/1/0973/7782/products/ovo-d2-sweatpants-white-1_800x.jpg?v=1597493525,"$568.00 -
            PRE-ORDER"
52,OVO X D2 SWEATPANTS,https://cdn.shopify.com/s/files/1/0973/7782/products/ovo-d2-sweatpants-blue-1_800x.jpg?v=1597493517,"$568.00 -
            PRE-ORDER SOLD OUT"
53,OVO X D2 SWEATPANTS,https://cdn.shopify.com/s/files/1/0973/7782/products/ovo-d2-sweatpants-black-1_800x.jpg?v=1597493492,"$568.00 -
            PRE-ORDER SOLD OUT"
54,OVO X D2 NYLON BOMBER,https://cdn.shopify.com/s/files/1/0973/7782/products/ovo-d2-nylon-bomber-black-1_800x.jpg?v=1597494668,"$968.00 -
            PRE-ORDER"
55,OVO X D2 NYLON SHORTS,https://cdn.shopify.com/s/files/1/0973/7782/products/ovo-d2-nylon-shorts-black_800x.jpg?v=1597494100,"$438.00 -
            PRE-ORDER"
56,OVO X D2 PADDED BOMBER,https://cdn.shopify.com/s/files/1/0973/7782/products/ovo-d2-padded-bomber-black-1_800x.jpg?v=1597494641,"$1,198.00 -
            PRE-ORDER SOLD OUT"
57,OVO X D2 NYLON WINDBREAKER,https://cdn.shopify.com/s/files/1/0973/7782/products/ovo-d2-windbreaker-black-1_800x.jpg?v=1597494151,"$1,198.00 -
            PRE-ORDER"
58,OVO X D2 BASEBALL CAP,https://cdn.shopify.com/s/files/1/0973/7782/products/ovo-d2-baseball-cap-white-1_800x.jpg?v=1597506493,"$155.00 -
            PRE-ORDER SOLD OUT"
59,OVO X D2 BASEBALL CAP,https://cdn.shopify.com/s/files/1/0973/7782/products/ovo-d2-baseball-cap-blue-1_800x.jpg?v=1597506448,"$155.00 -
            PRE-ORDER SOLD OUT"
60,OVO X D2 BASEBALL CAP,https://cdn.shopify.com/s/files/1/0973/7782/products/ovo-d2-baseball-cap-black-1_800x.jpg?v=1597506537,"$155.00 -
            PRE-ORDER SOLD OUT"
61,OVO X D2 BEANIE,https://cdn.shopify.com/s/files/1/0973/7782/products/ovo-d2-beanie-red-1_800x.jpg?v=1597493914,"$155.00 -
            PRE-ORDER SOLD OUT"
62,OVO X D2 BEANIE,https://cdn.shopify.com/s/files/1/0973/7782/products/ovo-d2-beanie-blue-1_800x.jpg?v=1597493912,"$155.00 -
            PRE-ORDER SOLD OUT"
63,OVO X D2 BEANIE,https://cdn.shopify.com/s/files/1/0973/7782/products/ovo-d2-beanie-black-1_800x.jpg?v=1597493899,"$155.00 -
            PRE-ORDER SOLD OUT"
64,MONOGRAM EMBROIDERED BUTTON DOWN SHIRT,https://cdn.shopify.com/s/files/1/0973/7782/products/monogram-embroidered-shirt-sand-1_800x.jpg?v=1597372774,$138.00
65,MONOGRAM EMBROIDERED BUTTON DOWN SHIRT,https://cdn.shopify.com/s/files/1/0973/7782/products/monogram-embroidered-shirt-black-1_3294eb29-442f-4bef-8cc4-f4324a067fdb_800x.jpg?v=1597372850,$138.00
66,MONOGRAM EMBROIDERED SHORT,https://cdn.shopify.com/s/files/1/0973/7782/products/monogram-embroidered-shorts-sand-1_800x.jpg?v=1597372743,$118.00
67,MONOGRAM EMBROIDERED SHORT,https://cdn.shopify.com/s/files/1/0973/7782/products/monogram-embroidered-shorts-black-1_800x.jpg?v=1597372877,$118.00
68,SKYLINE T-SHIRT,https://cdn.shopify.com/s/files/1/0973/7782/products/skyline-tshirt-white-1_800x.jpg?v=1597273629,$48.00 SOLD OUT
69,SKYLINE T-SHIRT,https://cdn.shopify.com/s/files/1/0973/7782/products/skyline-tshirt-black-1_800x.jpg?v=1597273626,$48.00 SOLD OUT
70,PULL ON TWILL SHORT,https://cdn.shopify.com/s/files/1/0973/7782/products/pull-on-twill-short-pale-pink-1_800x.jpg?v=1597273683,$88.00
71,PULL ON TWILL SHORT,https://cdn.shopify.com/s/files/1/0973/7782/products/pull-on-twill-short-navy-1_800x.jpg?v=1597273682,$88.00
72,PULL ON TWILL SHORT,https://cdn.shopify.com/s/files/1/0973/7782/products/pull-on-twill-short-black-1_800x.jpg?v=1597273670,$88.00
73,MARIGOLD WORDMARK HALF ZIP HOODIE,https://cdn.shopify.com/s/files/1/0973/7782/products/marigold-wordmark-half-zip-hoodie-eggshell-heather-1_800x.jpg?v=1597273938,$158.00
74,MARIGOLD WORDMARK HALF ZIP HOODIE,https://cdn.shopify.com/s/files/1/0973/7782/products/marigold-wordmark-half-zip-hoodie-coral-1_800x.jpg?v=1597273933,$158.00 SOLD OUT
75,MARIGOLD WORDMARK HALF ZIP HOODIE,https://cdn.shopify.com/s/files/1/0973/7782/products/marigold-wordmark-half-zip-hoodie-black-1_800x.jpg?v=1597273928,$158.00
76,OVO MARIGOLD T-SHIRT,https://cdn.shopify.com/s/files/1/0973/7782/products/ovo-marigold-short-sleeve-tshirt-coral-1_800x.jpg?v=1597372945,$48.00 SOLD OUT
77,OVO MARIGOLD T-SHIRT,https://cdn.shopify.com/s/files/1/0973/7782/products/ovo-marigold-short-sleeve-tshirt-brown-1_800x.jpg?v=1597372931,$48.00
78,BIRD OF PREY EMBLEM CREWNECK,https://cdn.shopify.com/s/files/1/0973/7782/products/bird-of-prey-emblem-crewneck-heather-grey-1_800x.jpg?v=1597273987,$118.00
79,BIRD OF PREY EMBLEM CREWNECK,https://cdn.shopify.com/s/files/1/0973/7782/products/bird-of-prey-emblem-crewneck-melon-1_800x.jpg?v=1597372668,$118.00
80,BIRD OF PREY EMBLEM CREWNECK,https://cdn.shopify.com/s/files/1/0973/7782/products/bird-of-prey-emblem-crewneck-black-1_800x.jpg?v=1597273982,$118.00
81,MARIGOLD BUTTON DOWN SHIRT,https://cdn.shopify.com/s/files/1/0973/7782/products/marigold-button-down-shirt-red-1_800x.jpg?v=1596748373,$118.00
82,MARIGOLD BUTTON DOWN SHIRT,https://cdn.shopify.com/s/files/1/0973/7782/products/marigold-button-down-shirt-sapphire-1_800x.jpg?v=1596748378,$118.00
83,MARIGOLD BUTTON DOWN SHIRT,https://cdn.shopify.com/s/files/1/0973/7782/products/marigold-button-down-shirt-black-1_800x.jpg?v=1596748368,$118.00 SOLD OUT
84,MARIGOLD CAP,https://cdn.shopify.com/s/files/1/0973/7782/products/marigold-sport-cap-red-1_800x.jpg?v=1596748427,$48.00
85,MARIGOLD CAP,https://cdn.shopify.com/s/files/1/0973/7782/products/marigold-sport-cap-sapphire-1_800x.jpg?v=1596748444,$48.00
86,MARIGOLD CAP,https://cdn.shopify.com/s/files/1/0973/7782/products/marigold-sport-cap-black-1_800x.jpg?v=1596748384,$48.00 SOLD OUT
87,CANADA SPORT HOODIE,https://cdn.shopify.com/s/files/1/0973/7782/products/canada-sport-hoodie-white-1_800x.jpg?v=1596748878,$148.00
88,CANADA SPORT HOODIE,https://cdn.shopify.com/s/files/1/0973/7782/products/canada-sport-hoodie-red-1_800x.jpg?v=1596748872,$148.00
89,CANADA SPORT HOODIE,https://cdn.shopify.com/s/files/1/0973/7782/products/canada-sport-hoodie-black-1_800x.jpg?v=1596748866,$148.00
90,CANADA SPORT CREWNECK,https://cdn.shopify.com/s/files/1/0973/7782/products/canada-sport-crewneck-heather-grey-1_800x.jpg?v=1596749116,$128.00
91,CANADA SPORT CREWNECK,https://cdn.shopify.com/s/files/1/0973/7782/products/canada-sport-crewneck-black-1_800x.jpg?v=1596749030,$128.00
92,CANADA SPORT SWEAT SHORT,https://cdn.shopify.com/s/files/1/0973/7782/products/canada-sport-sweat-short-heather-grey-1_800x.jpg?v=1596749221,$88.00 SOLD OUT
93,CANADA SPORT SWEAT SHORT,https://cdn.shopify.com/s/files/1/0973/7782/products/canada-sport-sweat-short-black-1_800x.jpg?v=1596749206,$88.00 SOLD OUT
94,CANADA SPORT CAP,https://cdn.shopify.com/s/files/1/0973/7782/products/canada-sport-cap-white-1_800x.jpg?v=1596748837,$48.00
95,CANADA SPORT CAP,https://cdn.shopify.com/s/files/1/0973/7782/products/canada-sport-cap-red-1_800x.jpg?v=1596748831,$48.00
96,CANADA SPORT CAP,https://cdn.shopify.com/s/files/1/0973/7782/products/canada-sport-cap-black-1_800x.jpg?v=1596748821,$48.00 SOLD OUT
97,OVO MARBLE TIE DYE HOODIE,https://cdn.shopify.com/s/files/1/0973/7782/products/ovo-marble-tie-dye-hoodie-red-pink-1_800x.jpg?v=1596748515,$168.00
98,OVO MARBLE TIE DYE HOODIE,https://cdn.shopify.com/s/files/1/0973/7782/products/ovo-marble-tie-dye-hoodie-blue-yellow-1_800x.jpg?v=1596748510,$168.00
99,OVO MARBLE TIE DYE T-SHIRT,https://cdn.shopify.com/s/files/1/0973/7782/products/ovo-marble-tie-dye-tshirt-red-pink-1_800x.jpg?v=1596748540,$58.00
100,OVO MARBLE TIE DYE T-SHIRT,https://cdn.shopify.com/s/files/1/0973/7782/products/ovo-marble-tie-dye-tshirt-blue-yellow-1_800x.jpg?v=1596748527,$58.00
101,OVO MARBLE TIE DYE SWEAT SHORT,https://cdn.shopify.com/s/files/1/0973/7782/products/ovo-marble-tie-dye-sweat-short-red-pink-1_800x.jpg?v=1596748522,$98.00
102,OVO MARBLE TIE DYE SWEAT SHORT,https://cdn.shopify.com/s/files/1/0973/7782/products/ovo-marble-tie-dye-sweat-short-blue-yellow-1_800x.jpg?v=1596748517,$98.00 SOLD OUT
103,UTILITY CARGO SHORT,https://cdn.shopify.com/s/files/1/0973/7782/products/utility-cargo-short-sand-1_800x.jpg?v=1596074092,$128.00
104,UTILITY CARGO SHORT,https://cdn.shopify.com/s/files/1/0973/7782/products/utility-cargo-short-vine-1_800x.jpg?v=1596135923,$128.00
105,UTILITY CARGO SHORT,https://cdn.shopify.com/s/files/1/0973/7782/products/utility-cargo-short-black-1_800x.jpg?v=1596074086,$128.00
106,BUSH SHIRT,https://cdn.shopify.com/s/files/1/0973/7782/products/bush-shirt-sand-1_800x.jpg?v=1595439814,$118.00
107,BUSH SHIRT,https://cdn.shopify.com/s/files/1/0973/7782/products/bush-shirt-black-1_800x.jpg?v=1595439734,$118.00
108,OWL GAZE HOODIE,https://cdn.shopify.com/s/files/1/0973/7782/products/5am-owl-hoodie-white-1_800x.jpg?v=1595439478,$138.00 SOLD OUT
109,OWL GAZE HOODIE,https://cdn.shopify.com/s/files/1/0973/7782/products/5am-owl-hoodie-pistachio-1_800x.jpg?v=1595439477,$138.00
110,OWL GAZE HOODIE,https://cdn.shopify.com/s/files/1/0973/7782/products/5am-owl-hoodie-black-1_800x.jpg?v=1595439464,$138.00 SOLD OUT
111,OWL GAZE SWEAT SHORT,https://cdn.shopify.com/s/files/1/0973/7782/products/5am-owl-sweat-short-white-1_800x.jpg?v=1595439656,$88.00 SOLD OUT
112,OWL GAZE SWEAT SHORT,https://cdn.shopify.com/s/files/1/0973/7782/products/5am-owl-sweat-short-pistachio-1_800x.jpg?v=1595439643,$88.00 SOLD OUT
113,OWL GAZE SWEAT SHORT,https://cdn.shopify.com/s/files/1/0973/7782/products/5am-owl-sweat-short-black-1_800x.jpg?v=1595439626,$88.00 SOLD OUT
114,HERITAGE OWL CREWNECK,https://cdn.shopify.com/s/files/1/0973/7782/products/canada-owl-familia-crewneck-white-1_800x.jpg?v=1595440119,$128.00 SOLD OUT
115,HERITAGE OWL CREWNECK,https://cdn.shopify.com/s/files/1/0973/7782/products/canada-owl-familia-crewneck-black-1_800x.jpg?v=1595440109,$128.00 SOLD OUT
116,HERITAGE OWL T-SHIRT,https://cdn.shopify.com/s/files/1/0973/7782/products/canada-owl-tshirt-heather-grey-1_800x.jpg?v=1595440031,$48.00 SOLD OUT
117,OVO x KUUMBA CANDLE,https://cdn.shopify.com/s/files/1/0973/7782/products/kuumba-candle-1_800x.jpg?v=1594924326,$48.00 SOLD OUT
118,OVO x KUUMBA FRAGRANCE PAPER,https://cdn.shopify.com/s/files/1/0973/7782/products/kuumba-fragrance-paper-pack-1_800x.jpg?v=1594924340,$18.00
119,OVO x KUUMBA INCENSE STICKS â€“ OCTOBER LIGHT,https://cdn.shopify.com/s/files/1/0973/7782/products/OVO_x_KUUMBA_INCENSE_STICK_V4_800x.jpeg?v=1561738132,$22.00
120,OVO x KUUMBA INCENSE HOLDER,https://cdn.shopify.com/s/files/1/0973/7782/products/IMG_4253_800x.PNG?v=1561731903,$38.00
121,RUNNER NYLON ANORAK,https://cdn.shopify.com/s/files/1/0973/7782/products/runner-nylon-anorak-snakeskin-1_800x.jpg?v=1594395846,$158.00 SOLD OUT
122,RUNNER NYLON ANORAK,https://cdn.shopify.com/s/files/1/0973/7782/products/runner-nylon-anorak-sapphire-1_800x.jpg?v=1594395857,$158.00
123,RUNNER NYLON ANORAK,https://cdn.shopify.com/s/files/1/0973/7782/products/runner-nylon-anorak-black-1_800x.jpg?v=1594395863,$158.00
124,RUNNER NYLON PANT,https://cdn.shopify.com/s/files/1/0973/7782/products/runner-nylon-pant-snakeskin-1_800x.jpg?v=1594395867,$128.00
125,RUNNER NYLON PANT,https://cdn.shopify.com/s/files/1/0973/7782/products/runner-nylon-pant-black-1_800x.jpg?v=1594395872,$128.00 SOLD OUT
126,WORLD TOUR HOODIE,https://cdn.shopify.com/s/files/1/0973/7782/products/world-tour-hoodie-pale-yellow-1_800x.jpg?v=1594395877,$138.00
127,WORLD TOUR HOODIE,https://cdn.shopify.com/s/files/1/0973/7782/products/world-tour-hoodie-dusty-blue-1_800x.jpg?v=1594395883,$138.00
128,WORLD TOUR HOODIE,https://cdn.shopify.com/s/files/1/0973/7782/products/world-tour-hoodie-black-1_800x.jpg?v=1594395888,$138.00
129,CROSS COUNTRY SWEATPANT,https://cdn.shopify.com/s/files/1/0973/7782/products/cross-country-sweatpant-pale-yellow-1_800x.jpg?v=1594395901,$118.00
130,CROSS COUNTRY SWEATPANT,https://cdn.shopify.com/s/files/1/0973/7782/products/cross-country-sweatpant-dusty-blue-1_800x.jpg?v=1594395908,$118.00
131,CROSS COUNTRY SWEATPANT,https://cdn.shopify.com/s/files/1/0973/7782/products/cross-country-sweatpant-black-1_800x.jpg?v=1594395915,$118.00
132,FAMILIA OWL EMBROIDERED HOODIE,https://cdn.shopify.com/s/files/1/0973/7782/products/familia-owl-embroidered-hoodie-white-1_800x.jpg?v=1593034833,$148.00
133,FAMILIA OWL EMBROIDERED HOODIE,https://cdn.shopify.com/s/files/1/0973/7782/products/familia-owl-embroidered-hoodie-red-1_800x.jpg?v=1593034822,$148.00
134,FAMILIA OWL EMBROIDERED HOODIE,https://cdn.shopify.com/s/files/1/0973/7782/products/familia-owl-embroidered-hoodie-black-1_800x.jpg?v=1593034817,$148.00
135,CIRCLE WORDMARK PATCH FULL-ZIP HOODIE,https://cdn.shopify.com/s/files/1/0973/7782/products/circle-wordmark-patch-full-zip-hoodie-eggshell-heather-1_800x.jpg?v=1593034936,$148.00
136,CIRCLE WORDMARK PATCH FULL-ZIP HOODIE,https://cdn.shopify.com/s/files/1/0973/7782/products/circle-wordmark-patch-full-zip-hoodie-sky-blue-1_800x.jpg?v=1593034942,$148.00
137,CIRCLE WORDMARK PATCH FULL-ZIP HOODIE,https://cdn.shopify.com/s/files/1/0973/7782/products/circle-wordmark-patch-full-zip-hoodie-black-1_800x.jpg?v=1593034926,$148.00
138,OVO ESSENTIALS TANK TOP,https://cdn.shopify.com/s/files/1/0973/7782/products/ovo-essentials-tank-top-white-1_800x.jpg?v=1593034708,$38.00
139,OVO ESSENTIALS TANK TOP,https://cdn.shopify.com/s/files/1/0973/7782/products/ovo-essentials-tank-top-heather-grey-1_800x.jpg?v=1593034707,$38.00
140,OVO ESSENTIALS TANK TOP,https://cdn.shopify.com/s/files/1/0973/7782/products/ovo-essentials-tank-top-black-1_800x.jpg?v=1593034698,$38.00
141,ALL PURPOSE NYLON SHORT,https://cdn.shopify.com/s/files/1/0973/7782/products/all-purpose-nylon-shorts-red-1_800x.jpg?v=1591800169,$98.00
142,ALL PURPOSE NYLON SHORT,https://cdn.shopify.com/s/files/1/0973/7782/products/all-purpose-nylon-shorts-grass-1_800x.jpg?v=1591800161,$98.00
143,ALL PURPOSE NYLON SHORT,https://cdn.shopify.com/s/files/1/0973/7782/products/all-purpose-nylon-shorts-black-1_800x.jpg?v=1591800158,$98.00 SOLD OUT
144,CROSS COUNTRY T-SHIRT,https://cdn.shopify.com/s/files/1/0973/7782/products/cross-country-tshirt-pale-yellow-1_800x.jpg?v=1590615293,$48.00
145,CROSS COUNTRY T-SHIRT,https://cdn.shopify.com/s/files/1/0973/7782/products/cross-country-tshirt-black-1_800x.jpg?v=1590615275,$48.00 SOLD OUT
146,BIRD OF PREY EMBLEM T-SHIRT,https://cdn.shopify.com/s/files/1/0973/7782/products/bird-of-prey-emblem-tshirt-white-1_800x.jpg?v=1591800279,$48.00
147,BIRD OF PREY EMBLEM T-SHIRT,https://cdn.shopify.com/s/files/1/0973/7782/products/bird-of-prey-emblem-tshirt-heather-peach-1_800x.jpg?v=1591800246,$48.00
148,BIRD OF PREY EMBLEM T-SHIRT,https://cdn.shopify.com/s/files/1/0973/7782/products/bird-of-prey-emblem-tshirt-heather-grey-1_800x.jpg?v=1591800235,$48.00
149,BIRD OF PREY EMBLEM T-SHIRT,https://cdn.shopify.com/s/files/1/0973/7782/products/bird-of-prey-emblem-tshirt-black-1_800x.jpg?v=1591800231,$48.00
150,COLLAGE HOODIE,https://cdn.shopify.com/s/files/1/0973/7782/products/collage-hoodie-melon-4_800x.jpg?v=1591977765,$138.00
151,COLLAGE HOODIE,https://cdn.shopify.com/s/files/1/0973/7782/products/collage-hoodie-heather-grey-4_800x.jpg?v=1591977780,$138.00 SOLD OUT
152,COLLAGE HOODIE,https://cdn.shopify.com/s/files/1/0973/7782/products/collage-hoodie-black-4_800x.jpg?v=1591977776,$138.00 SOLD OUT
153,SHORT SLEEVE OXFORD SHIRT,https://cdn.shopify.com/s/files/1/0973/7782/products/short-sleeve-oxford-shirt-white-1_800x.jpg?v=1590615641,$118.00
154,SHORT SLEEVE OXFORD SHIRT,https://cdn.shopify.com/s/files/1/0973/7782/products/short-sleeve-oxford-shirt-multi-1_800x.jpg?v=1590615633,$118.00
155,SHORT SLEEVE OXFORD SHIRT,https://cdn.shopify.com/s/files/1/0973/7782/products/short-sleeve-oxford-shirt-black-1_800x.jpg?v=1590615624,$118.00
156,CITY RUNNER HOODIE,https://cdn.shopify.com/s/files/1/0973/7782/products/city-runner-hoodie-amber-1_800x.jpg?v=1588196799,$138.00
157,CITY RUNNER HOODIE,https://cdn.shopify.com/s/files/1/0973/7782/products/city-runner-hoodie-sky-blue-1_800x.jpg?v=1588196812,$138.00 SOLD OUT
158,CITY RUNNER HOODIE,https://cdn.shopify.com/s/files/1/0973/7782/products/city-runner-hoodie-black-1_800x.jpg?v=1588196806,$138.00
159,CITY RUNNER SWEATPANT,https://cdn.shopify.com/s/files/1/0973/7782/products/city-runner-sweatpant-sky-blue-1_800x.jpg?v=1588196856,$118.00
160,CITY RUNNER SWEATPANT,https://cdn.shopify.com/s/files/1/0973/7782/products/city-runner-sweatpant-black-1_800x.jpg?v=1588196834,$118.00
161,OVO HOTSKULLS HOODIE,https://cdn.shopify.com/s/files/1/0973/7782/products/ovo-hotskulls-hoodie-sand-1_800x.jpg?v=1586360346,$138.00 SOLD OUT
162,OVO HOTSKULLS HOODIE,https://cdn.shopify.com/s/files/1/0973/7782/products/ovo-hotskulls-hoodie-moss-1_800x.jpg?v=1586360304,$138.00
163,OVO HOTSKULLS HOODIE,https://cdn.shopify.com/s/files/1/0973/7782/products/ovo-hotskulls-hoodie-black-1_800x.jpg?v=1586360157,$138.00 SOLD OUT
164,CHENILLE CLASSIC OWL CREWNECK,https://cdn.shopify.com/s/files/1/0973/7782/products/chenille-classic-owl-crewneck-grass-1_800x.jpg?v=1585788659,$128.00
165,CHENILLE CLASSIC OWL CREWNECK,https://cdn.shopify.com/s/files/1/0973/7782/products/chenille-classic-owl-crewneck-black-1_800x.jpg?v=1585788576,$128.00 SOLD OUT
166,OVO MARIGOLD HOODIE,https://cdn.shopify.com/s/files/1/0973/7782/products/ovo-marigold-hoodie-red-1_800x.jpg?v=1585790003,$138.00
167,OVO MARIGOLD HOODIE,https://cdn.shopify.com/s/files/1/0973/7782/products/ovo-marigold-hoodie-grass-1_800x.jpg?v=1585789998,$138.00
168,OVO MARIGOLD HOODIE,https://cdn.shopify.com/s/files/1/0973/7782/products/ovo-marigold-hoodie-sapphire-1_800x.jpg?v=1585790033,$138.00
169,GRADIENT OWL T-SHIRT,https://cdn.shopify.com/s/files/1/0973/7782/products/gradient-owl-tshirt-white-1_800x.jpg?v=1585789671,$48.00 SOLD OUT
170,GRADIENT OWL T-SHIRT,https://cdn.shopify.com/s/files/1/0973/7782/products/gradient-owl-tshirt-grass-1_800x.jpg?v=1585789527,$48.00
171,CLASSIC OWL T-SHIRT,https://cdn.shopify.com/s/files/1/0973/7782/products/classic-owl-tshirt-white-1_800x.jpg?v=1585789029,$48.00
172,CLASSIC OWL T-SHIRT,https://cdn.shopify.com/s/files/1/0973/7782/products/classic-owl-tshirt-deep-pink-1_800x.jpg?v=1585789023,$48.00
173,CLASSIC OWL T-SHIRT,https://cdn.shopify.com/s/files/1/0973/7782/products/classic-owl-tshirt-carrot-1_800x.jpg?v=1585789015,$48.00
174,CLASSIC OWL T-SHIRT,https://cdn.shopify.com/s/files/1/0973/7782/products/classic-owl-tshirt-black-1_800x.jpg?v=1585788897,$48.00 SOLD OUT
175,POM POM INDIGO JERSEY LONGSLEEVE T-SHIRT,https://cdn.shopify.com/s/files/1/0973/7782/products/indigio-jersey-longsleeve-indigo-1_800x.jpg?v=1585790289,$68.00
176,POM POM INDIGO JERSEY LONGSLEEVE T-SHIRT,https://cdn.shopify.com/s/files/1/0973/7782/products/indigio-jersey-longsleeve-black-1_800x.jpg?v=1585791402,$68.00
177,UNIVERSAL RUNNER COACH JACKET,https://cdn.shopify.com/s/files/1/0973/7782/products/universal-runner-coach-jacket-canary-1_800x.jpg?v=1585252193,$148.00
178,UNIVERSAL RUNNER COACH JACKET,https://cdn.shopify.com/s/files/1/0973/7782/products/universal-runner-coach-jacket-black-1_800x.jpg?v=1585253466,$148.00
179,UNIVERSAL RUNNER HOODIE,https://cdn.shopify.com/s/files/1/0973/7782/products/universal-runner-hoodie-dusty-blue-1_800x.jpg?v=1585252302,$148.00
180,UNIVERSAL RUNNER HOODIE,https://cdn.shopify.com/s/files/1/0973/7782/products/universal-runner-hoodie-carrot-1_800x.jpg?v=1585252226,$148.00
181,UNIVERSAL RUNNER HOODIE,https://cdn.shopify.com/s/files/1/0973/7782/products/universal-runner-hoodie-navy-1_800x.jpg?v=1585252285,$148.00
182,UNIVERSAL RUNNER SWEATPANT,https://cdn.shopify.com/s/files/1/0973/7782/products/universal-runner-sweatpant-carrot-1_800x.jpg?v=1585252383,$128.00
183,UNIVERSAL RUNNER SWEATPANT,https://cdn.shopify.com/s/files/1/0973/7782/products/universal-runner-sweatpant-navy-1_800x.jpg?v=1585252390,$128.00
184,OVO INTERNATIONAL GRID HOODIE,https://cdn.shopify.com/s/files/1/0973/7782/products/international-grid-hoodie-ocean-1_800x.jpg?v=1583447808,$148.00
185,OVO INTERNATIONAL GRID HOODIE,https://cdn.shopify.com/s/files/1/0973/7782/products/international-grid-hoodie-vine-1_800x.jpg?v=1583447807,$148.00
186,OVO INTERNATIONAL GRID HOODIE,https://cdn.shopify.com/s/files/1/0973/7782/products/international-grid-hoodie-black-1_800x.jpg?v=1583447801,$148.00
187,POM POM DENIM QUILTED OVERSHIRT,https://cdn.shopify.com/s/files/1/0973/7782/products/pom-pom-denim-quilted-overshirt-indigo-1_800x.jpg?v=1582839262,$198.00
188,POM POM DENIM QUILTED OVERSHIRT,https://cdn.shopify.com/s/files/1/0973/7782/products/pom-pom-denim-quilted-overshirt-black-1_800x.jpg?v=1582839266,$198.00
189,POM POM SELVEDGE JEANS,https://cdn.shopify.com/s/files/1/0973/7782/products/pom-pom-selvedge-jeans-indigo-1_800x.jpg?v=1582839273,$228.00
190,WAXED JEANS,https://cdn.shopify.com/s/files/1/0973/7782/products/OVO_BLACK_WAXED_DENIM_FRONT_800x.jpg?v=1567099513,$228.00
191,OVO ARCH SWEATER,https://cdn.shopify.com/s/files/1/0973/7782/products/ovo-arch-sweater-white-1_800x.jpg?v=1582839104,$138.00 SOLD OUT
192,OVO ARCH SWEATER,https://cdn.shopify.com/s/files/1/0973/7782/products/ovo-arch-sweater-navy-1_800x.jpg?v=1582839101,$138.00
193,STENCIL OWL HOODIE,https://cdn.shopify.com/s/files/1/0973/7782/products/stencil-owl-hoodie-pine-1_800x.jpg?v=1582839437,$148.00
194,GALLERY HOODIE,https://cdn.shopify.com/s/files/1/0973/7782/products/gallery-hoodie-black-1_800x.jpg?v=1582838646,$148.00
195,SHINING WORDMARK SWEATPANT,https://cdn.shopify.com/s/files/1/0973/7782/products/shining-wordmark-sweatpant-pine-1_800x.jpg?v=1582839432,$128.00
196,SHINING WORDMARK SWEATPANT,https://cdn.shopify.com/s/files/1/0973/7782/products/shining-wordmark-sweatpant-black-1_800x.jpg?v=1582839427,$128.00
197,CLASSIC OWL HOODIE,https://cdn.shopify.com/s/files/1/0973/7782/products/classic-owl-hoodie-black-1_800x.jpg?v=1596594209,$168.00
198,CLASSIC OWL HOODIE,https://cdn.shopify.com/s/files/1/0973/7782/products/classic-owl-hoodie-white-polka-dot-1_800x.jpg?v=1596594220,$168.00
199,CLASSIC OWL HOODIE,https://cdn.shopify.com/s/files/1/0973/7782/products/classic-owl-hoodie-pale-purple-1_800x.jpg?v=1596594231,$168.00 SOLD OUT
200,CLASSIC OWL HOODIE,https://cdn.shopify.com/s/files/1/0973/7782/products/classic-owl-hoodie-red-polka-dot-1_800x.jpg?v=1596594242,$168.00 SOLD OUT
201,CLASSIC OWL LONGSLEEVE T-SHIRT,https://cdn.shopify.com/s/files/1/0973/7782/products/classic-owl-longsleeve-tshirt-white-polka-dot-1_800x.jpg?v=1582144780,$58.00 SOLD OUT
202,CLASSIC OWL LONGSLEEVE T-SHIRT,https://cdn.shopify.com/s/files/1/0973/7782/products/classic-owl-longsleeve-tshirt-black-polka-dot-1_800x.jpg?v=1582144147,$58.00 SOLD OUT
203,CLASSIC OWL LONGSLEEVE T-SHIRT,https://cdn.shopify.com/s/files/1/0973/7782/products/classic-owl-longsleeve-tshirt-red-1_800x.jpg?v=1582144754,$58.00 SOLD OUT
204,CLASSIC OWL LONGSLEEVE T-SHIRT,https://cdn.shopify.com/s/files/1/0973/7782/products/classic-owl-longsleeve-tshirt-heather-grey-1_800x.jpg?v=1582144227,$58.00 SOLD OUT
205,SPORT UTILITY ZIP HOODIE,https://cdn.shopify.com/s/files/1/0973/7782/products/sport-utility-zip-hoodie-pale-purple-1_800x.jpg?v=1582145293,$168.00 SOLD OUT
206,SPORT UTILITY ZIP HOODIE,https://cdn.shopify.com/s/files/1/0973/7782/products/sport-utility-zip-hoodie-black-1_800x.jpg?v=1582145269,$168.00
207,SPORT UTILITY TRACK JACKET,https://cdn.shopify.com/s/files/1/0973/7782/products/sport-utility-track-jacket-pale-purple-1_800x.jpg?v=1582145100,$158.00
208,SPORT UTILITY TRACK JACKET,https://cdn.shopify.com/s/files/1/0973/7782/products/sport-utility-track-jacket-black-1_b76a6ac5-83bf-46f0-9f4e-c4f901273c09_800x.jpg?v=1582145183,$158.00
209,SPORT UTILITY TRACK PANT,https://cdn.shopify.com/s/files/1/0973/7782/products/sport-utility-track-pant-pale-purple-1_800x.jpg?v=1582145219,$138.00
210,SPORT UTILITY TRACK PANT,https://cdn.shopify.com/s/files/1/0973/7782/products/sport-utility-track-pant-black-1_800x.jpg?v=1582145215,$138.00 SOLD OUT
211,OVO x MOLESKINE NOTEBOOK,https://cdn.shopify.com/s/files/1/0973/7782/products/OVO_X_MOLESKINE_NOTEBOOK_FRONT_800x.jpg?v=1543297537,$45.00
212,OWL ASHTRAY,https://cdn.shopify.com/s/files/1/0973/7782/products/OWL_ASHTRAY_BLACK_FRONT_800x.jpg?v=1543295485,$38.00 SOLD OUT
213,OVO COASTER SET,https://cdn.shopify.com/s/files/1/0973/7782/products/OVO_OWL_COASTER_D4_800x.jpg?v=1554476235,$38.00
214,OVO x KLEAN KANTEEN OWL WATER BOTTLE,https://cdn.shopify.com/s/files/1/0973/7782/products/ovo-klean-kanteen-white-gold-1_800x.jpg?v=1573680872,$38.00
215,OVO x KLEAN KANTEEN OWL WATER BOTTLE,https://cdn.shopify.com/s/files/1/0973/7782/products/ovo-kanteen-black-front-1_800x.jpg?v=1576005628,$38.00
216,OVO x KLEAN KANTEEN OWL WATER BOTTLE,https://cdn.shopify.com/s/files/1/0973/7782/products/ovo-klean-kanteen-small-black-1_800x.jpg?v=1597950223,$32.00
217,OVO MONOGRAM BANDANA,https://cdn.shopify.com/s/files/1/0973/7782/products/OVO_BANDANA_FRONT_800x.jpg?v=1562930757,$12.00 SOLD OUT
218,OVO OWL PERSONAL TOWEL,https://cdn.shopify.com/s/files/1/0973/7782/products/OVO_OG_OWL_PERSONAL_TOWEL_WHITE_FRONT_800x.jpg?v=1558636335,$48.00
219,OVO OWL PERSONAL TOWEL,https://cdn.shopify.com/s/files/1/0973/7782/products/OVO_OG_OWL_PERSONAL_TOWEL_FRONT_800x.jpg?v=1558636277,$48.00 SOLD OUT
220,GOLD OWL PIN,https://cdn.shopify.com/s/files/1/0973/7782/products/PIN_SOLID_GOLD_NO_BACK_800x.jpeg?v=1557179506,$18.00
221,CANADA OG OWL PIN,https://cdn.shopify.com/s/files/1/0973/7782/products/PIN_CANADA_FLAG_NO_BACK_800x.jpg?v=1547788978,$22.00
222,OVO INITIALS PIN,https://cdn.shopify.com/s/files/1/0973/7782/products/ovo-dots-pin-1_800x.jpg?v=1575400500,$22.00
223,OVO RACER PIN,https://cdn.shopify.com/s/files/1/0973/7782/products/ovo-racer-pin-1_800x.jpg?v=1575400534,$22.00
224,HALLOWEEN GANG PIN,https://cdn.shopify.com/s/files/1/0973/7782/products/ovo-haloween-gang-pin_800x.jpg?v=1575400438,$22.00
225,OVO SILICONE OWL KEYCHAIN,https://cdn.shopify.com/s/files/1/0973/7782/products/OVO_SILICONE_OWL_KEYCHAIN_BLACK_800x.jpg?v=1559769991,$22.00
226,OVO PIQUE JACKET,https://cdn.shopify.com/s/files/1/0973/7782/products/OVO_OG_STRIPES_TRACK_JACKET_BLACK_FRONT_800x.jpg?v=1595533251,$158.00
227,OVO ESSENTIALS INTERLOCK ZIP HOODIE,https://cdn.shopify.com/s/files/1/0973/7782/products/OVO_SPORT_ZIP_JACKET_FRONT_800x.jpg?v=1595532992,$168.00
228,OVO ESSENTIALS HOODIE,https://cdn.shopify.com/s/files/1/0973/7782/products/essentials-hoodie-black-1_800x.jpg?v=1595532951,$158.00
229,OVO ESSENTIALS CREW,https://cdn.shopify.com/s/files/1/0973/7782/products/essentials-crewneck-black-1_800x.jpg?v=1595532815,$138.00
230,OVO ESSENTIALS ZIP HOODIE,https://cdn.shopify.com/s/files/1/0973/7782/products/essentials-zip-hoodie-black-1_800x.jpg?v=1595533227,$158.00
231,OVO ESSENTIALS LONGSLEEVE T-SHIRT,https://cdn.shopify.com/s/files/1/0973/7782/products/OVO_OWL_LS_TEE_BLACK_FRONT_8e5ede59-6ec4-4a85-b9aa-93ce42bca48b_800x.jpg?v=1595533012,$68.00
232,OVO ESSENTIALS POLO,https://cdn.shopify.com/s/files/1/0973/7782/products/essentials-polo-black-1_12d9c3f1-fb63-446b-bf57-52b26250da35_800x.jpg?v=1595874623,$88.00
233,OVO ESSENTIALS T-SHIRT,https://cdn.shopify.com/s/files/1/0973/7782/products/OWL_TEE_BLACK_FRONT_b6dc856a-21fd-4121-a245-917c4c7481cb_800x.jpg?v=1595533206,$58.00
234,OVO PIQUE PANT,https://cdn.shopify.com/s/files/1/0973/7782/products/OVO_OG_STRIPES_TRACK_PANT_BLACK_FRONT_800x.jpg?v=1595533259,$138.00
235,OVO ESSENTIALS INTERLOCK PANT,https://cdn.shopify.com/s/files/1/0973/7782/products/OVO_SPORT_PANT_BLACK_FRONT_7d077842-34e3-432a-b6b2-fafef32ec8b7_800x.jpg?v=1595532979,$138.00
236,OVO ESSENTIALS SWEATPANT,https://cdn.shopify.com/s/files/1/0973/7782/products/essentials-sweatpant-black-1_800x.jpg?v=1595533186,$128.00
237,OVO ESSENTIALS SHORT,https://cdn.shopify.com/s/files/1/0973/7782/products/ovo-essentials-short-black-front-1_800x.jpg?v=1595533134,$98.00 SOLD OUT
238,OVO ESSENTIALS CAP,https://cdn.shopify.com/s/files/1/0973/7782/products/BE-AC-047-BK-00_OVO_ESSENTIAL_SPORT_CAP_BLACK_FRONT_800x.jpg?v=1595532790,$48.00
239,POM POM COTTON TWILL CAP,https://cdn.shopify.com/s/files/1/0973/7782/products/POMPOM_SPORTCAP_BLACK_FRONT_3d6fe535-4bb3-4384-90e8-70b1ea03dc21_800x.jpg?v=1553016216,$48.00 SOLD OUT
240,OVO ESSENTIALS HOODIE,https://cdn.shopify.com/s/files/1/0973/7782/products/MID-WEIGHT_FRENCH_TERRY_HOODIE_HEATHER_RESIZE_RESAVE_800x.jpg?v=1595532959,$158.00
241,OVO ESSENTIALS CREW,https://cdn.shopify.com/s/files/1/0973/7782/products/ovo-essentials-crewneck-heather-front-1_8a409341-c3f7-413d-8b4a-4744cbb8a64b_800x.jpg?v=1595532825,$138.00
242,OVO ESSENTIALS ZIP HOODIE,https://cdn.shopify.com/s/files/1/0973/7782/products/MID-WEIGHT_FRENCH_TERRY_ZIP_HOODIE_HEATHER_RESIZE_RESAVE_800x.jpg?v=1551809128,$158.00
243,OVO ESSENTIALS LONGSLEEVE T-SHIRT,https://cdn.shopify.com/s/files/1/0973/7782/products/OVO_OWL_LS_TEE_GREY_FRONT_6d72c170-9a8c-4409-b4d3-a17f2e355e38_800x.jpg?v=1595533019,$68.00
244,OVO ESSENTIALS T-SHIRT,https://cdn.shopify.com/s/files/1/0973/7782/products/OVO_OWL_TEE_GREY_FRONT_71cd0d7a-e227-4d9c-b53b-f8d7e83c2b7c_800x.jpg?v=1595533214,$58.00
245,OVO ESSENTIALS SWEATPANT,https://cdn.shopify.com/s/files/1/0973/7782/products/essentials-sweatpant-heather-grey-1_800x.jpg?v=1595533198,$128.00
246,OVO ESSENTIALS SHORT,https://cdn.shopify.com/s/files/1/0973/7782/products/ovo-essential-shorts-heather-grey-front-1_800x.jpg?v=1595533145,$98.00 SOLD OUT
247,OVO ESSENTIALS LONGSLEEVE T-SHIRT,https://cdn.shopify.com/s/files/1/0973/7782/products/OWL_LONGSLEEVE_TEE_WHITE_FRONT_ba3791a4-7380-47a5-8025-7852f666b23f_800x.jpg?v=1595533073,$68.00
248,OVO ESSENTIALS POLO,https://cdn.shopify.com/s/files/1/0973/7782/products/essentials-polo-white-1_e06f54ff-5162-4ff4-a298-0cf8c29688c3_800x.jpg?v=1595533123,$88.00
249,OVO ESSENTIALS T-SHIRT,https://cdn.shopify.com/s/files/1/0973/7782/products/OVO_OWL_TEE_WHITE_FRONT_3488064c-89a0-4877-8fe9-bb9cdb8b6b6b_800x.jpg?v=1595533222,$58.00
250,OVO ESSENTIALS CAP,https://cdn.shopify.com/s/files/1/0973/7782/products/OVO_COTTON_OWL_SPORT_CAP_WHITE_FRONT_800x.jpg?v=1595532795,$48.00
251,POM POM COTTON TWILL CAP,https://cdn.shopify.com/s/files/1/0973/7782/products/POMPOM_SPORTCAP_WHITE_FRONT_f428772a-f41e-445d-af3d-4ce8be8ce1ed_800x.jpg?v=1553016332,$48.00
